User ID,FirstName,LastName,Email
1,Alex,Babbs,Alex@gmail.com
2,Sophie,Babbs,Sophie@AOL.com
3,Kat,Elliott,Kat@gmail.com
4,William,Eliott,Williwoo@gmail.com
5,Jayne,Babbs,Jbabbs@hotmail.uk
6,Killian,O'Hara,Killian@synergymat.uk
7,Abby,Webb,Abbyyy@AOL.com
8,Ella,Thomson,Twin1@gmail.com
9,Mina,Thomson,Twin2@gmail.com